,CustomerID
0,2254-DLXRI
1,1628-BIZYP
2,1393-IMKZG
3,7577-SWIFR
4,4912-PIGUY
5,2792-LSHWX
6,7439-DKZTW
7,8903-WMRNW
8,4298-OYIFC
9,7379-FNIUJ
10,6215-NQCPY
11,5760-IFJOZ
12,3292-PBZEJ
13,4132-KALRO
14,7315-WYOAW
15,0722-SVSFK
16,5937-EORGB
17,6734-GMPVK
18,4445-ZJNMU
19,2754-SDJRD
20,9290-SHCMB
21,4060-LDNLU
22,4566-NECEV
23,2081-VEYEH
24,9094-AZPHK
25,9840-EFJQB
26,3878-AVSOQ
27,9603-OAIHC
28,0817-HSUSE
29,9605-WGJVW
30,0021-IKXGC
31,8040-MNRTF
32,5043-TRZWM
33,2424-WVHPL
34,8687-BAFGU
35,5542-TBBWB
36,9617-INGJY
37,2262-SLNVK
38,1640-PLFMP
39,2468-SJFLM
40,1452-VOQCH
41,7465-ZZRVX
42,1746-TGTWV
43,5032-MIYKT
44,8309-IEYJD
45,8775-ERLNB
46,4884-ZTHVF
47,5183-SNMJQ
48,3420-YJLQT
49,0315-LVCRK
50,3904-UKFRE
51,5339-PXDVH
52,9529-OFXHY
53,4741-WWJQZ
54,9274-UARKJ
55,7517-LDMPS
56,2187-PKZAY
57,0258-NOKBL
58,7398-SKNQZ
59,2674-MIAHT
60,9773-PEQBZ
61,7852-LECYP
62,6969-MVBAI
63,2959-FENLU
64,4123-DVHPH
65,2694-CIUMO
66,9093-FPDLG
67,0225-ZORZP
68,1251-STYSZ
69,3318-NMQXL
70,6407-UTSLV
71,3489-HHPFY
72,6350-XFYGW
73,6833-JMZYP
74,7363-QTBIW
75,6357-JJPQT
76,4646-QZXTF
77,9402-ORRAH
78,5760-FXFVO
79,4395-PZMSN
80,4633-MKHYU
81,6496-JDSSB
82,3422-GALYP
83,4536-PLEQY
84,2545-EBUPK
85,1346-UFHAX
86,3916-NRPAP
87,5150-ITWWB
88,8242-SOQUO
89,6435-SRWBJ
90,8544-GOQSH
91,1319-YLZJG
92,6923-JHPMP
93,3088-LHEFH
94,9938-EKRGF
95,6583-KQJLK
96,1508-DFXCU
97,3320-VEOYC
98,0139-IVFJG
99,0570-BFQHT
100,6719-OXYBR
101,7426-RHZGU
102,9696-RMYBA
103,5429-LWCMV
104,9714-EDSUC
105,4813-HQMGZ
106,7410-OIEDU
107,6416-YJTTB
108,2688-BHGOG
109,0928-XUTSN
110,0187-QSXOE
111,2135-DQWAQ
112,7508-SMHXL
113,7952-OBOYL
114,8161-QYMTT
115,8739-XNIKG
116,6229-LSCKB
117,4115-NZRKS
118,9741-YLNTD
119,6986-IXNDM
120,4929-XIHVW
121,5348-CAGXB
122,3338-CVVEH
123,9957-YODKZ
124,1960-UYCNN
125,4299-SIMNS
126,2123-AGEEN
127,5701-YVSVF
128,8035-PWSEV
129,3914-FDRHP
130,8087-LGYHQ
131,4234-XTNEA
132,4137-BTIKL
133,5599-HVLTW
134,0641-EVBOJ
135,2984-AFWNC
136,2038-OEQZH
137,2215-ZAFGX
138,4559-UWIHT
139,2789-HQBOU
140,4853-OITSN
141,7858-GTZSP
142,5609-IMCGG
143,8714-CTZJW
144,0793-TWELN
145,2507-QZPQS
146,8266-VBFQL
147,6630-UJZMY
148,5091-HFAZW
149,8132-YPVBX
150,1173-XZPYF
151,0620-DLSLK
152,8104-OSKWT
153,4927-WWOOZ
154,3462-BJQQA
155,8622-ZLFKO
156,0432-CAJZV
157,1212-GLHMD
158,6918-UMQCG
159,2876-GZYZC
160,4847-TAJYI
161,7994-UYIVZ
162,9050-IKDZA
163,5271-DBYSJ
164,1200-TUZHR
165,6458-CYIDZ
166,4367-NHWMM
167,3620-MWJNE
168,0988-JRWWP
169,9214-EKVXR
170,2862-PFNIK
171,9638-JIQYA
172,8705-WZCYL
173,6888-SBYAI
174,4026-SKKHW
175,0082-LDZUE
176,0929-HYQEW
177,8757-TFHHJ
178,9667-TKTVZ
179,3050-GBUSH
180,7590-VHVEG
181,5133-POWUA
182,8710-YGLWG
183,9108-EJFJP
184,7729-JTEEC
185,3518-PZXZQ
186,3716-UVSPD
187,9588-OZDMQ
188,1078-TDCRN
189,9572-WUKSB
190,8445-DNBAE
191,7389-KBFIT
192,4373-VVHQL
193,2637-FKFSY
194,6127-IYJOZ
195,8064-RAVOH
196,6844-DZKRF
197,1845-ZLLIG
198,0623-GDISB
199,0248-IPDFW
200,1763-WQFUK
201,7794-JASDG
202,2275-RBYQS
203,7442-YGZFK
204,3566-HJGPK
205,3961-SXAXY
206,8356-WUAOJ
207,6650-VJONK
208,5207-PLSTK
209,6519-CFDBX
210,7537-RBWEA
211,0674-EYYZV
212,2740-TVLFN
213,1406-PUQVY
214,5365-LLFYV
215,5968-VXZLG
216,3278-FSIXX
217,8950-MTZNV
218,0224-RLWWD
219,1536-HBSWP
220,8903-XEBGX
221,5960-MVTUK
222,5501-TVMGM
223,9992-UJOEL
224,8180-AKMJV
225,7365-BVCJH
226,9752-ZNQUT
227,0147-ESWWR
228,6591-QGOYB
229,2786-GCDPI
230,1833-TCXKK
231,6559-PDZLR
232,5956-YHHRX
233,2665-NPTGL
234,3898-GUYTS
235,9927-DSWDF
236,3932-IJWDZ
237,1421-HCERK
238,5995-SNNEW
239,7813-ZGGAW
240,8313-NDOIA
241,2697-NQBPF
242,4686-UXDML
243,4329-YPDDQ
244,1482-OXZSY
245,6862-CQUMB
246,0177-PXBAT
247,1028-FFNJK
248,7048-GXDAY
249,6116-RFVHN
250,2080-CAZNM
251,9133-AYJZG
252,6030-REHUX
253,0480-BIXDE
254,8547-NSBBO
255,8818-DOPVL
256,5118-MUEYH
257,2809-ZMYOQ
258,9129-UXERG
259,5331-RGMTT
260,2669-OIDSD
261,1216-BGTSP
262,2874-YXVVA
263,3323-CPBWR
264,3384-CTMSF
265,0434-CSFON
266,3629-ZNKXA
267,2604-IJPDU
268,2040-VZIKE
269,2603-HVKCG
270,9919-YLNNG
271,3211-AAPKX
272,1932-UEDCX
273,1666-JXLKU
274,4062-HBMOS
275,5649-RXQTV
276,1104-TNLZA
277,3352-ALMCK
278,8709-KRDVL
279,7130-YXBRO
280,5630-IXDXV
281,0447-RXSGD
282,2692-BUCFV
283,9508-ILZDG
284,2832-KJCRD
285,2038-LLMLM
286,0468-YRPXN
287,0365-BZUWY
288,2800-QQUSO
289,9659-QEQSY
290,4983-CLMLV
291,0420-HLGXF
292,1320-REHCS
293,5129-JLPIS
294,4647-MUZON
295,6851-WEFYX
296,9278-VZKCD
297,7392-YYPYJ
298,2439-LYPMQ
299,3312-UUMZW
300,0237-YFUTL
301,7714-YXSMB
302,3588-WSTTJ
303,3197-ARFOY
304,2227-JRSJX
305,9822-WMWVG
306,1751-NCDLI
307,2107-FBPTK
308,2587-EKXTS
309,3420-ZDBMA
310,3295-YVUSR
311,8541-QVFKM
312,1219-NNDDO
313,9796-BPKIW
314,7206-PQBBZ
315,2501-XWWTZ
316,1197-BVMVG
317,7967-HYCDE
318,7245-NIIWQ
319,7321-VGNKU
320,6078-VESFR
321,6705-LXORM
322,3030-YDNRM
323,5928-QLDHB
324,3496-LFSZU
325,3223-DWFIO
326,4029-HPFVY
327,3717-OEAUQ
328,9272-LSVYH
329,7044-YAACC
330,8224-DWCKX
331,7394-LWLYN
332,0958-YHXGP
333,4749-OJKQU
334,4090-KPJIP
335,5879-SESNB
336,3453-RTHJQ
337,2897-DOVND
338,1016-DJTSV
339,9717-QEBGU
340,9799-CAYJJ
341,4450-DLLMH
342,0840-DFEZH
343,9620-ENEJV
344,6077-BDPXA
345,4291-SHSBH
346,5895-QSXOD
347,6860-YRJZP
348,8993-IZEUX
349,8107-KNCIM
350,5652-MSDEY
351,6198-ZFIOJ
352,9506-UXUSK
353,0196-JTUQI
354,7354-OIJLX
355,8270-RKSAP
356,3199-XGZCY
357,5405-ZMYXQ
358,5044-LRQAQ
359,4482-EWFMI
360,9494-MRNYX
361,5119-NZPTV
362,9633-XQABV
363,7823-JSOAG
364,2799-ARNLO
365,5605-IYGFG
366,2905-KFQUV
367,6856-RAURS
368,2077-MPJQO
369,5442-BHQNG
370,4983-CCWMC
371,3370-HXOPH
372,9334-GWGOW
373,7562-UXTPG
374,8873-GLDMH
375,0644-OQMDK
376,5071-FBJFS
377,5882-CMAZQ
378,1575-KRZZE
379,2480-SQIOB
380,4065-JJAVA
381,3413-BMNZE
382,2607-FBDFF
383,1728-BQDMA
384,6145-NNPNO
385,1895-QTKDO
386,9631-XEYKE
387,4537-DKTAL
388,9743-DQKQW
389,2209-XADXF
390,3694-DELSO
391,7339-POGZN
392,4236-UJPWO
393,2181-UAESM
394,8885-QSQBX
395,4706-DGAHW
396,6907-FLBER
397,5522-JBWMO
398,0374-AACSZ
399,3798-EPWRR
400,8720-RQSBJ
401,4195-NZGTA
402,0374-IOEGQ
403,8676-OOQEJ
404,4130-MZLCC
405,6185-TASNN
406,1478-VPOAD
407,3082-VQXNH
408,6817-WTYHE
409,9708-HPXWZ
410,1471-GIQKQ
411,3841-CONLJ
412,7312-XSBAT
413,2969-QWUBZ
414,8286-AFUYI
415,6022-KOUQO
416,1942-OQFRW
417,2903-YYTBW
418,7246-ZGQDF
419,8167-GJLRN
420,3995-WFCSM
421,0541-FITGH
422,6778-YSNIH
423,9822-OAOVB
424,2043-WVTQJ
425,1928-BXYIV
426,4727-MCYZG
427,1791-PQHBB
428,6048-QBXKL
429,2853-CWQFQ
430,5173-WXOQV
431,5916-QEWPT
432,6260-ONULR
433,3090-LETTY
434,4176-FXYBO
435,5188-HGMLP
436,4826-TZEVA
437,5076-YVXCM
438,6896-SRVYQ
439,9003-CPATH
440,9168-INPSZ
441,2826-UWHIS
442,4070-OKWVH
443,6988-CJEYV
444,5628-RKIFK
445,2452-SNHFZ
446,4138-NAXED
447,0239-OXEXL
448,9701-CDXHR
449,8189-HBVRW
450,3657-COGMW
451,2144-BFDSO
452,9281-OFDMF
453,7128-GGCNO
454,5136-GFPMB
455,3503-TYDAY
456,4128-ETESU
457,5312-UXESG
458,9732-EQMWY
459,9079-LWTFD
460,9812-GHVRI
461,4402-FTBXC
462,9629-NHXFW
463,8262-COGGB
464,2369-FEVNO
465,2692-PFYTJ
466,2081-KJSQF
467,4781-ZXYGU
468,7814-LEEVE
469,3308-MHOOC
470,1622-HSHSF
471,5906-BFOZT
472,7853-WNZSY
473,8566-YPRGL
474,8896-BQTTI
475,5996-DAOQL
476,2480-JZOSN
477,4634-JLRJT
478,5868-YTYKS
479,1423-BMPBQ
480,0670-KDOMA
481,4661-NJEUX
482,8267-KFGYD
483,7291-CDTMJ
484,2712-SYWAY
485,2465-BLLEU
486,7298-IZWLY
487,1098-TDVUQ
488,1724-IQWNM
489,8329-UTMVM
490,3692-JHONH
491,5897-ZYEKH
492,2806-MLNTI
493,4753-PADAS
494,5285-MVEHD
495,0565-JUPYD
496,6408-OTUBZ
497,0471-ARVMX
498,5074-FBGHB
499,2560-PPCHE
